1,Nariko,Clitherow,nclitherow0@plala.or.jp,Female,
2,Ddene,Clues,dclues1@freewebs.com,Female,514-27-5989
3,West,Stangoe,,Male,270-68-3502
4,Adey,Shayes,ashayes3@spiegel.de,Female,638-57-8405
5,Ernest,,esherrington4@tuttocitta.it,Male,166-83-0045
6,Britt,Burmaster,,Female,688-98-0477
7,Cookie,Measor,cmeasor6@twitter.com,Genderqueer,327-40-6160
8,Hollyanne,,hsharrier7@cyberchimps.com,Female,308-51-3209
9,Lida,Parncutt,lparncutt8@squarespace.com,Female,878-91-7159
10,Randa,Ferrers,rferrers9@addtoany.com,Female,502-88-3237
11,Vernon,Robiou,,Male,524-21-9889
12,Sisely,Phetteplace,sphetteplaceb@nifty.com,Female,378-49-1175
13,Bank,Dineges,,Male,783-67-2373
14,Cassandre,Moden,,Female,419-53-4092
15,Elsworth,Merrin,,Male,226-76-3503
16,Aubrey,Uzielli,,Female,161-77-4131
17,David,McConnell,,Male,843-21-1207
18,Adriaens,Keedy,akeedyh@yolasite.com,Female,149-03-3872
19,Sanson,Howlin,showlini@cbslocal.com,Male,497-10-0803
20,Arnold,Labell,alabellj@opera.com,Male,493-77-3290
21,Skip,Durran,,Male,662-86-4904
22,Guthrey,,gjaffrayl@rakuten.co.jp,Male,580-85-4271
23,Mame,Enrigo,menrigom@newyorker.com,Female,826-76-7284
24,Bjorn,Sebborn,bsebbornn@thetimes.co.uk,Male,836-86-8837
25,Oralia,Marfe,,Female,628-42-4318
26,Adriana,Stirrup,astirrupp@cdbaby.com,Female,453-15-4554
27,Randie,Lennie,rlennieq@taobao.com,Female,787-43-2622
28,Onfre,Lomaz,olomazr@cbsnews.com,Male,
29,Lek,Wardington,lwardingtons@photobucket.com,Male,722-27-0743
30,Fredericka,,fledburyt@aboutads.info,Female,235-85-1189
31,Pete,Driutti,pdriuttiu@home.pl,Male,177-91-6426
32,Yankee,Codi,ycodiv@ovh.net,Male,
33,Hillyer,Olivari,holivariw@github.io,Male,110-61-9627
34,Dill,Dakers,ddakersx@arstechnica.com,Male,155-40-9839
35,Nollie,Plewes,nplewesy@china.com.cn,Male,338-50-9205
36,Steffi,Jeaneau,sjeaneauz@ustream.tv,Female,668-90-6165
37,Betteanne,Biddwell,bbiddwell10@exblog.jp,Female,853-85-4497
38,Virginia,Casin,vcasin11@edublogs.org,Female,260-51-7942
39,Germayne,Jorat,,Male,551-49-3342
40,Nicki,Whoston,,Female,301-94-8168
41,Etti,Inglesant,einglesant14@mail.ru,Female,558-87-5973
42,Meaghan,Tingley,mtingley15@liveinternet.ru,Female,483-44-8199
43,Carola,Allardyce,,Female,416-84-8661
44,Tansy,Keeri,tkeeri17@unblog.fr,Genderqueer,518-69-5862
45,Clementia,Vidgeon,cvidgeon18@mediafire.com,Female,127-70-6353
46,North,Parsonage,,Bigender,159-06-5385
47,Joshuah,,,Male,
48,Rob,Mattock,rmattock1b@usda.gov,Male,114-61-7962
49,Hollyanne,Lube,hlube1c@hatena.ne.jp,Female,318-75-6718
50,Bryn,Shimmings,bshimmings1d@mayoclinic.com,Male,
51,Merrielle,Thairs,mthairs1e@mlb.com,Female,893-78-0175
52,Eldredge,Colpus,,Male,744-79-6406
53,Suzi,Philippon,sphilippon1g@unicef.org,Genderqueer,626-93-0246
54,Joshua,,,Male,419-68-0879
55,Sholom,Rounding,srounding1i@bing.com,Male,839-62-4116
56,Tedman,Stables,tstables1j@nymag.com,Male,
57,Christa,Bednall,cbednall1k@blogspot.com,Female,
58,Charline,Ivons,,Female,294-47-4520
59,Jonathon,,jphettiplace1m@posterous.com,Bigender,278-40-3229
60,Jaquith,Sturge,,Female,858-04-5976
61,Cecilia,Syer,csyer1o@nbcnews.com,Female,148-25-6523
62,Carmela,Lukianov,clukianov1p@tuttocitta.it,Female,507-05-7349
63,Elysia,Barter,,Female,435-31-6298
64,Paige,Peacher,ppeacher1r@gov.uk,Male,478-76-2325
65,Alec,Keynd,akeynd1s@theguardian.com,Male,654-24-9525
66,Rodie,Rankling,rrankling1t@wisc.edu,Female,760-26-3544
67,Joella,Drover,,Female,
68,Lindon,MacAndie,lmacandie1v@cdbaby.com,Male,690-74-7189
69,Peggie,Websdale,pwebsdale1w@sogou.com,Female,754-20-2315
70,Vladimir,Burkin,vburkin1x@zdnet.com,Male,291-66-4598
71,Ernaline,Trevorrow,etrevorrow1y@yellowbook.com,Female,804-32-8725
72,Salomone,,sbergstrand1z@ed.gov,Male,143-54-7822
73,Ramonda,Dare,rdare20@mlb.com,Female,293-41-6041
74,Pooh,Baistow,pbaistow21@google.ca,Female,354-22-0560
75,Amabelle,Grishenkov,agrishenkov22@bloglines.com,Female,107-40-2489
76,Shelby,Doggett,sdoggett23@comsenz.com,Male,552-76-7761
77,Winnifred,Jee,,Female,243-67-9716
78,Klement,Knath,kknath25@tumblr.com,Male,223-29-0048
79,Mandel,Abrashkin,,Male,293-22-9931
80,Mella,Leeke,,Female,820-46-9453
81,Koenraad,Jacquot,kjacquot28@nymag.com,Male,691-72-7401
82,Aluino,Garbott,agarbott29@china.com.cn,Male,826-40-5200
83,Veradis,Moran,,Polygender,676-49-7407
84,Renell,Neate,rneate2b@wiley.com,Female,841-60-0958
85,Mikol,Jarmyn,mjarmyn2c@opera.com,Male,447-83-5734
86,Wilma,Mignot,wmignot2d@kickstarter.com,Female,502-72-7190
87,Filberte,Willavize,,Male,480-11-6268
88,Anders,Acaster,aacaster2f@tmall.com,Male,314-32-3798
89,Donielle,Vecard,dvecard2g@feedburner.com,Female,
90,Ethe,Droogan,edroogan2h@google.cn,Male,824-33-6974
91,Jonell,Laphorn,jlaphorn2i@ocn.ne.jp,Female,648-28-9485
92,Blondelle,Curro,bcurro2j@google.com.hk,Genderfluid,233-37-8104
93,Elmo,Royce,eroyce2k@ca.gov,Male,
94,Fax,Elleray,felleray2l@spiegel.de,Male,206-36-9098
95,Benji,Bowle,bbowle2m@columbia.edu,Male,149-79-8816
96,Carlynne,Sleany,csleany2n@opera.com,Genderqueer,611-53-5701
97,Tymon,Laval,tlaval2o@tumblr.com,Male,453-05-5352
98,Paxon,,plouiset2p@theglobeandmail.com,Male,120-80-8962
99,Kelila,Belsham,kbelsham2q@sciencedaily.com,Female,
100,Lowe,McElvine,lmcelvine2r@mapy.cz,Male,654-50-3204
101,Cordelie,Alder,calder2s@netlog.com,Female,775-69-9230
102,Misti,,mbertomier2t@accuweather.com,Female,
103,Ogden,Ballantine,oballantine2u@hc360.com,Male,443-77-1746
104,Des,Ketch,dketch2v@360.cn,Genderfluid,
105,Magnum,Kernocke,mkernocke2w@usgs.gov,Male,419-56-1777
106,Verney,Riach,vriach2x@netlog.com,Male,532-35-0915
107,Elyse,Sherry,esherry2y@themeforest.net,Female,259-06-8131
108,Ethyl,Janjusevic,ejanjusevic2z@com.com,Female,779-41-3245
109,Jae,,jriediger30@columbia.edu,Male,282-88-4649
110,Merrilee,O'Hern,mohern31@geocities.jp,Female,557-60-3377
111,Mickey,Ganiclef,mganiclef32@fotki.com,Genderqueer,491-37-1527
112,Elwyn,Luckwell,eluckwell33@a8.net,Male,893-63-1232
113,Bobbie,Bolingbroke,,Polygender,
114,Glenna,Ginity,gginity35@sina.com.cn,Female,
115,Josi,Clutten,,Female,573-09-1952
116,Arda,Villiers,,Female,300-19-2677
117,Sari,Bawdon,sbawdon38@jiathis.com,Agender,169-62-6646
118,Marissa,Label,mlabel39@acquirethisname.com,Female,367-57-5362
119,Arv,Shute,ashute3a@foxnews.com,Male,736-07-1578
120,Blondell,Gadd,bgadd3b@jugem.jp,Female,283-20-3879
121,Callida,Anthill,,Female,833-63-5185
122,Gusty,Pietsma,,Female,500-06-1384
123,Harris,Ragborne,hragborne3e@networkadvertising.org,Male,522-95-2594
124,Isak,Gepson,igepson3f@cyberchimps.com,Male,139-72-8978
125,Burg,Silversmid,bsilversmid3g@youtu.be,Male,899-03-4663
126,Hatty,Ceely,hceely3h@google.pl,Female,838-26-2964
127,Liesa,Luckett,lluckett3i@rediff.com,Female,412-64-9403
128,Madeleine,Jess,mjess3j@friendfeed.com,Agender,875-93-3598
129,Frederich,Rawes,,Male,770-48-0960
130,Phillis,Cubbin,pcubbin3l@wp.com,Female,157-81-4081
131,Abbe,Tewkesberry,atewkesberry3m@ow.ly,Genderqueer,658-71-4434
132,Kirstin,Vaillant,kvaillant3n@imageshack.us,Female,516-54-8535
133,Boot,Lampert,blampert3o@chron.com,Male,
134,Feodora,MacInherney,fmacinherney3p@uol.com.br,Female,640-40-9182
135,Tan,Grieves,tgrieves3q@addtoany.com,Male,624-73-3241
136,Glen,Schneidau,gschneidau3r@prweb.com,Male,355-45-7407
137,Thurston,Halgarth,thalgarth3s@ehow.com,Male,
138,Gusella,Thurner,gthurner3t@washington.edu,Female,504-84-7072
139,Delcine,Racher,dracher3u@sogou.com,Polygender,113-39-3344
140,Patti,Bowes,pbowes3v@behance.net,Female,225-32-0744
141,Sigismundo,Hyndman,shyndman3w@paginegialle.it,Male,222-11-9325
142,Dorene,Ivankin,divankin3x@cam.ac.uk,Female,105-81-7221
143,Berke,Tierny,btierny3y@over-blog.com,Male,
144,Shadow,Hallatt,,Male,
145,Conrade,Tabor,,Male,141-98-3998
146,Gates,Tylor,gtylor41@census.gov,Female,689-23-1236
147,Marius,Hanstock,mhanstock42@adobe.com,Male,718-36-2745
148,Kayla,Avey,,Female,445-49-4773
149,Seka,Alam,salam44@wunderground.com,Female,303-44-4769
150,Keslie,Upson,kupson45@de.vu,Female,432-88-4643
151,Jeffrey,Tarry,,Male,553-99-2385
152,Cherlyn,Blakely,,Female,602-76-3084
153,Hilliary,Thorrold,,Female,277-30-6910
154,Idelle,Battleson,ibattleson49@bing.com,Female,
155,Daveen,Cloney,dcloney4a@php.net,Female,481-88-5920
156,Edgardo,Erat,,Male,432-22-7832
157,Ulrika,Vitall,uvitall4c@chicagotribune.com,Female,591-70-8490
158,Rhoda,Plascott,rplascott4d@chronoengine.com,Female,653-54-1758
159,Zondra,Yakebowitch,,Female,455-72-4138
160,Jeremy,Cosans,,Male,228-96-3027
161,Ulrick,Sheircliffe,usheircliffe4g@mac.com,Male,
162,Brittaney,Ottiwill,bottiwill4h@utexas.edu,Female,725-17-9410
163,Kristien,Breitler,kbreitler4i@yahoo.com,Female,569-25-0639
164,Cacilia,Allot,callot4j@pcworld.com,Female,359-37-3637
165,Beale,Castelot,bcastelot4k@livejournal.com,Male,393-80-5754
166,Umeko,Ballard,uballard4l@tripod.com,Female,445-57-0531
167,Alexandro,,ahammerstone4m@xinhuanet.com,Male,759-24-0147
168,Dev,Vitet,dvitet4n@webmd.com,Male,
169,Billie,Barenski,,Male,351-32-2798
170,Christa,Kelner,ckelner4p@amazon.co.jp,Female,773-65-7559
171,Augustus,Laurisch,alaurisch4q@soup.io,Male,181-43-3835
172,Alma,Swallwell,aswallwell4r@netlog.com,Female,145-28-0260
173,Parsifal,Cronshaw,pcronshaw4s@rediff.com,Male,170-20-4222
174,Muriel,Buyers,mbuyers4t@webnode.com,Female,743-17-0132
175,Ryann,Kenrack,rkenrack4u@harvard.edu,Female,763-96-3731
176,Gaylord,,gcoots4v@free.fr,Male,768-69-8871
177,Conney,Merigon,cmerigon4w@netvibes.com,Genderqueer,328-92-9122
178,Joyce,,jtyhurst4x@sciencedaily.com,Female,379-53-4862
179,Heinrik,Hammond,hhammond4y@nhs.uk,Male,463-82-8237
180,Ward,Needs,wneeds4z@nsw.gov.au,Male,714-88-3965
181,Zerk,Crambie,zcrambie50@tmall.com,Male,190-10-4733
182,Morgan,Simoneschi,msimoneschi51@unblog.fr,Female,429-58-5413
183,Alexei,Rorke,,Male,362-01-9848
184,Rossie,Ottee,rottee53@sciencedirect.com,Male,
185,Veda,Ackerley,vackerley54@xrea.com,Female,797-14-4904
186,Earle,Nardi,enardi55@cornell.edu,Male,597-42-7522
187,Yetty,Tatersale,ytatersale56@xinhuanet.com,Female,579-77-2927
188,Austine,Leghorn,aleghorn57@dot.gov,Female,665-63-5631
189,Alla,Shiels,ashiels58@sakura.ne.jp,Female,
190,Mia,Attow,mattow59@dailymail.co.uk,Female,568-01-9009
191,Fredric,Gadsdon,fgadsdon5a@google.com.hk,Male,705-13-9537
192,Shell,McCleary,smccleary5b@zdnet.com,Female,107-11-8647
193,Charyl,Ricca,cricca5c@google.it,Female,660-23-8275
194,Saunderson,,,Male,121-14-0285
195,Marne,Stonhouse,mstonhouse5e@latimes.com,Female,111-64-7063
196,Sigismondo,Demelt,sdemelt5f@ebay.co.uk,Male,198-30-7842
197,Jeromy,Pentin,jpentin5g@amazonaws.com,Male,342-72-5652
198,Christine,Riccioppo,criccioppo5h@accuweather.com,Female,783-43-8529
199,Tiebold,Hanham,thanham5i@mail.ru,Male,400-27-3352
200,Ives,Culwen,,Male,877-89-0934
201,Etienne,Shillington,eshillington5k@opensource.org,Genderqueer,756-20-5917
202,Fanchette,Gaunson,fgaunson5l@china.com.cn,Female,491-21-5502
203,Francisca,Rosenqvist,frosenqvist5m@so-net.ne.jp,Female,885-74-1057
204,Denis,,dabelwhite5n@nymag.com,Male,302-56-0693
205,Hazel,Dorie,,Genderfluid,322-16-8183
206,Sasha,Kibby,skibby5p@lulu.com,Female,506-47-6004
207,Phoebe,Hourihane,,Genderfluid,539-51-3125
208,Hervey,Christer,hchrister5r@google.es,Male,353-30-0913
209,Ichabod,Burnhams,iburnhams5s@howstuffworks.com,Male,176-67-4967
210,Lindsay,Hayller,lhayller5t@shutterfly.com,Male,557-37-0550
211,Evan,Hardage,ehardage5u@naver.com,Male,485-76-6016
212,Emmott,McCambridge,emccambridge5v@surveymonkey.com,Male,185-40-1756
213,Evangelin,McKague,,Female,864-32-6729
214,Kellby,Zute,kzute5x@gmpg.org,Male,865-02-1363
215,Georgena,Jenoure,,Female,896-05-3102
216,Fonsie,Stidworthy,fstidworthy5z@wikia.com,Male,729-61-1911
217,Ewen,Casali,,Male,451-12-3694
218,Lona,Rylstone,lrylstone61@ucsd.edu,Female,844-99-6951
219,Luigi,Blasgen,lblasgen62@berkeley.edu,Male,281-47-0471
220,Cherin,Windrus,,Genderqueer,114-22-0954
221,Danice,Suddards,dsuddards64@yale.edu,Female,624-64-7795
222,Joann,Dowgill,jdowgill65@wired.com,Female,805-88-3434
223,Yettie,Domenico,,Female,630-37-5965
224,Perren,Zanni,pzanni67@surveymonkey.com,Male,334-10-2553
225,Cally,Stooders,,Female,287-10-2991
226,Faulkner,,,Male,
227,Burk,Smitton,bsmitton6a@scientificamerican.com,Male,761-20-7299
228,Alana,Syddall,,Bigender,794-28-5989
229,Lamond,Cornner,,Male,517-76-7219
230,Wat,Sangra,wsangra6d@surveymonkey.com,Male,743-34-0398
231,Jilly,Colville,jcolville6e@1und1.de,Female,312-05-8682
232,Sharia,Stitson,sstitson6f@networkadvertising.org,Female,809-77-4936
233,Daveta,Gerasch,dgerasch6g@princeton.edu,Agender,597-99-1232
234,Leonidas,Kerwen,,Male,151-34-2425
235,Kienan,Corr,kcorr6i@barnesandnoble.com,Male,103-81-2776
236,Matti,Wohler,mwohler6j@google.com.au,Female,810-94-2963
237,Ringo,Salvati,rsalvati6k@nps.gov,Genderqueer,685-78-6243
238,Diarmid,Foddy,dfoddy6l@yale.edu,Male,200-10-5844
239,Sarette,Halley,shalley6m@ning.com,Female,466-32-1609
240,Brenden,Shingler,bshingler6n@plala.or.jp,Male,261-05-2656
241,Foss,Matchett,fmatchett6o@fotki.com,Bigender,731-36-0359
242,Francene,Scheu,fscheu6p@elpais.com,Female,187-94-7111
243,Elihu,Clewes,,Male,338-06-9883
244,Kristen,Bollins,kbollins6r@mac.com,Female,
245,Innis,Walaron,,Male,371-14-9321
246,Pren,Kleanthous,pkleanthous6t@nbcnews.com,Male,322-60-9257
247,Lorita,,,Female,609-97-1755
248,Cletus,Yukhnevich,,Male,459-32-9743
249,Otho,Emilien,oemilien6w@a8.net,Male,739-65-9960
250,Angela,Berthot,aberthot6x@simplemachines.org,Female,511-90-9569
251,Richy,Yesinov,ryesinov6y@lulu.com,Agender,
252,Alberik,Stoyle,astoyle6z@histats.com,Male,337-58-1889
253,Micky,Riditch,mriditch70@booking.com,Male,471-97-4690
254,Willdon,Meiklejohn,wmeiklejohn71@usa.gov,Male,688-95-3072
255,Amy,Tyrwhitt,atyrwhitt72@businessweek.com,Female,113-66-4215
256,Wallie,Tibbles,wtibbles73@so-net.ne.jp,Male,184-09-9506
257,Masha,Tesauro,mtesauro74@unc.edu,Female,635-64-4537
258,Shaylah,Bendall,sbendall75@yolasite.com,Female,865-58-4027
259,Robbert,Boaler,rboaler76@ed.gov,Male,195-75-1160
260,Drusy,O'Downe,,Female,194-40-2849
261,Harlen,Howerd,hhowerd78@whitehouse.gov,Male,842-45-3360
262,Giorgia,Saket,gsaket79@taobao.com,Female,663-46-6235
263,Cahra,Marchment,cmarchment7a@51.la,Female,625-59-3216
264,Jakie,Birwhistle,,Male,736-38-5535
265,Kiri,Berendsen,,Female,752-46-6073
266,Christen,McGaw,,Female,325-04-5195
267,Carly,,,Male,158-55-6491
268,Malia,McKendo,mmckendo7f@japanpost.jp,Female,199-70-0910
269,Annamarie,Verralls,averralls7g@walmart.com,Female,
270,Devlin,Menear,dmenear7h@stanford.edu,Male,
271,Danna,Gawn,dgawn7i@parallels.com,Female,137-28-7490
272,Juliette,Gionettitti,,Female,652-71-7753
273,Howard,Rubenczyk,,Male,435-62-1585
274,Denis,Jamme,djamme7l@youku.com,Male,429-61-1431
275,Svend,Sterrie,ssterrie7m@goodreads.com,Male,113-48-7019
276,Bobette,Pedican,bpedican7n@tiny.cc,Female,574-96-9979
277,Georgina,Yanin,gyanin7o@utexas.edu,Female,117-59-4499
278,Antons,,afrears7p@senate.gov,Male,669-98-8485
279,Tamarra,Pierton,tpierton7q@bigcartel.com,Female,822-99-0927
280,Lorri,Goldsby,lgoldsby7r@tamu.edu,Female,210-39-9655
281,Rosmunda,Pechet,rpechet7s@livejournal.com,Female,263-05-6544
282,Melvyn,Arderne,,Male,737-44-3031
283,Stormy,Buckel,sbuckel7u@hatena.ne.jp,Female,664-75-0224
284,Jesse,Chestney,jchestney7v@va.gov,Male,184-82-1810
285,Welsh,Kellart,wkellart7w@businesswire.com,Male,540-18-3564
286,Aurelia,Wadelin,awadelin7x@mozilla.org,Female,314-06-2344
287,Raffarty,Swanton,rswanton7y@blogspot.com,Genderfluid,470-18-9325
288,Elnore,Adel,eadel7z@blog.com,Female,886-02-2321
289,Randal,Rohlf,rrohlf80@wordpress.com,Male,188-27-1983
290,Jeffrey,Cremin,jcremin81@vinaora.com,Male,397-25-6895
291,Blaire,Moorman,,Female,679-85-8273
292,Hynda,Astbery,,Female,305-47-2434
293,Izaak,Fonteyne,ifonteyne84@biblegateway.com,Male,342-63-2613
294,Obie,Abriani,oabriani85@nih.gov,Male,
295,Robbie,Kibard,rkibard86@weather.com,Male,775-55-4645
296,Rani,McNeely,,Female,266-61-4490
297,Michaelina,Bowkett,,Female,105-48-8748
298,Nev,Backler,,Male,606-81-0347
299,Daphne,McEneny,dmceneny8a@examiner.com,Female,649-72-8951
300,Agosto,Gethouse,,Male,
301,Derry,Cabotto,dcabotto8c@whitehouse.gov,Male,528-70-3708
302,Kata,Yurlov,,Female,162-20-1207
303,Corina,Stiven,cstiven8e@opera.com,Female,327-95-1636
304,Prinz,McGourty,pmcgourty8f@bloglovin.com,Male,163-25-4991
305,Damita,Tremayne,dtremayne8g@goo.gl,Female,505-61-4392
306,Carce,Janku,cjanku8h@marriott.com,Male,332-73-1197
307,Belle,Autry,bautry8i@engadget.com,Female,857-63-7723
308,Sallyann,Morant,,Female,
309,Gaspar,Joppich,gjoppich8k@howstuffworks.com,Male,526-12-8604
310,Stacie,Beauchop,sbeauchop8l@sina.com.cn,Female,
311,Adelbert,McInnes,amcinnes8m@facebook.com,Male,656-12-9689
312,Letisha,Duckels,lduckels8n@mapy.cz,Female,512-60-8565
313,Celestia,Concklin,cconcklin8o@wikipedia.org,Female,323-55-6569
314,Halley,,hscorthorne8p@t.co,Female,108-03-8431
315,Griswold,Vannacci,gvannacci8q@marketwatch.com,Male,662-87-6407
316,Paton,Reignolds,preignolds8r@bing.com,Male,
317,Napoleon,,npetriello8s@ovh.net,Male,446-92-1144
318,Elden,Butler-Bowdon,ebutlerbowdon8t@ustream.tv,Male,267-65-1976
319,Ora,Brimacombe,obrimacombe8u@themeforest.net,Female,
320,Deanne,Westmarland,dwestmarland8v@deviantart.com,Non-binary,697-12-1974
321,Herschel,Saye,,Male,
322,Lesley,Rippen,lrippen8x@networkadvertising.org,Male,
323,Kacey,Cockshtt,kcockshtt8y@huffingtonpost.com,Female,864-49-5226
324,Darcie,Magister,dmagister8z@howstuffworks.com,Female,881-61-6212
325,Eddy,Lamperti,elamperti90@statcounter.com,Female,574-54-6886
326,Ruperto,Blaydon,,Male,556-57-9280
327,Vincenz,Nesfield,vnesfield92@twitpic.com,Male,880-51-1667
328,Den,Frankema,dfrankema93@lycos.com,Male,260-42-3951
329,Kelby,Demangel,kdemangel94@epa.gov,Male,243-75-9011
330,Daveen,Rego,drego95@symantec.com,Female,227-62-8735
331,Dulcy,Ghidoli,dghidoli96@nsw.gov.au,Genderqueer,131-20-3690
332,Mordy,Godbert,mgodbert97@istockphoto.com,Male,
333,Glenna,,,Female,866-78-7586
334,Constantina,McCafferky,cmccafferky99@huffingtonpost.com,Female,
335,Alyss,Clarae,aclarae9a@abc.net.au,Female,494-54-0773
336,Abbe,Krochmann,,Agender,746-28-8703
337,Marlon,Orgen,morgen9c@prweb.com,Male,583-33-7079
338,Klarika,Keller,kkeller9d@nyu.edu,Female,431-68-5919
339,Augustine,O' Sullivan,aosullivan9e@fotki.com,Female,247-83-5155
340,Marielle,Leindecker,mleindecker9f@usgs.gov,Female,618-58-2481
341,Beatrix,Orans,borans9g@sina.com.cn,Female,
342,Imogene,Spiteri,ispiteri9h@answers.com,Female,640-76-9923
343,Bibbie,Storrah,bstorrah9i@usatoday.com,Female,
344,Catha,Featherstone,cfeatherstone9j@t.co,Female,111-52-8853
345,Gus,McKie,gmckie9k@icq.com,Male,272-82-2302
346,Gilberte,Do Rosario,gdorosario9l@wunderground.com,Female,316-07-2571
347,Devin,Eede,,Female,756-72-0693
348,Raychel,McGiveen,,Genderfluid,645-84-1175
349,Gustaf,Domnick,gdomnick9o@columbia.edu,Male,393-36-9989
350,Chickie,Adacot,cadacot9p@creativecommons.org,Male,408-06-8423
351,Kamillah,Messier,kmessier9q@miitbeian.gov.cn,Female,668-56-3059
352,Rocky,Dawks,,Male,227-85-3177
353,Ancell,Govett,,Male,696-19-7122
354,Kennett,Fernely,kfernely9t@dion.ne.jp,Male,146-66-7198
355,Terry,Ahrens,tahrens9u@e-recht24.de,Female,211-34-7841
356,Murry,Lythgoe,mlythgoe9v@hc360.com,Male,
357,Tessi,Blackall,tblackall9w@pagesperso-orange.fr,Female,151-03-1998
358,Teddi,Dumberrill,tdumberrill9x@edublogs.org,Female,582-91-6072
359,Rycca,Antoni,,Female,840-52-8576
360,Laraine,,,Female,
361,Dinah,,dtringa0@theguardian.com,Bigender,464-82-6951
362,Dalston,Thomasson,dthomassona1@dmoz.org,Male,802-93-9436
363,Heindrick,,hjeacopa2@java.com,Male,406-07-2797
364,Rudd,Borgnet,,Male,784-16-1695
365,Keelby,Eadmeads,keadmeadsa4@imageshack.us,Male,194-67-2576
366,Allister,Benedito,abeneditoa5@squarespace.com,Male,239-47-6194
367,Ange,Brandino,abrandinoa6@un.org,Female,565-98-8776
368,Caralie,Tackle,ctacklea7@xinhuanet.com,Female,386-78-7058
369,Ninetta,Leggate,nleggatea8@plala.or.jp,Female,241-72-0612
370,Corrine,Powlesland,cpowleslanda9@about.com,Female,
371,Matilde,Chorlton,mchorltonaa@google.ca,Female,887-43-7160
372,Estella,Lansberry,elansberryab@slideshare.net,Female,661-49-4143
373,Jonah,Tolossi,jtolossiac@addtoany.com,Male,777-34-4417
374,Roy,Lambe,,Male,243-89-5320
375,Pia,,pkefordae@ted.com,Female,859-89-1661
376,Bryant,Clitherow,,Male,635-29-5150
377,Arch,Bustin,abustinag@unblog.fr,Male,297-60-1844
378,Nichole,O'Fihily,nofihilyah@vk.com,Male,744-44-1288
379,Hildegaard,Manion,hmanionai@behance.net,Female,713-09-4817
380,Ermin,,eadesaj@paypal.com,Male,509-81-2085
381,Seline,Frankham,sfrankhamak@4shared.com,Female,261-54-5655
382,Hurley,Gately,hgatelyal@ftc.gov,Male,213-85-4790
383,Peterus,Topp,ptoppam@clickbank.net,Male,296-40-6812
384,Nicoli,Alten,,Female,347-92-8124
385,Carola,Chasteau,cchasteauao@stumbleupon.com,Polygender,743-59-3235
386,Jacquie,O'Hara,joharaap@marketwatch.com,Female,886-10-2130
387,Felicia,,,Female,493-42-9756
388,Maryann,Dymocke,mdymockear@t-online.de,Female,681-78-8674
389,Kevan,,kmoyseas@fastcompany.com,Male,
390,Aliza,Izacenko,aizacenkoat@house.gov,Female,
391,Faber,Biesinger,fbiesingerau@biglobe.ne.jp,Male,
392,Glenn,Lightman,glightmanav@theatlantic.com,Male,843-23-3653
393,Alfredo,Ballance,aballanceaw@dell.com,Male,225-58-0956
394,Jemmy,,jcoonax@prweb.com,Female,629-70-4481
395,Mohandas,Robers,,Male,643-80-9791
396,Theo,Greeve,tgreeveaz@github.com,Female,631-05-4581
397,Tod,Scritch,tscritchb0@kickstarter.com,Male,226-34-8564
398,Stephenie,Matasov,smatasovb1@google.nl,Female,697-37-0018
399,Oona,Sylvester,osylvesterb2@google.de,Female,230-27-4831
400,Bord,Sharratt,bsharrattb3@about.com,Male,156-59-0852
401,Maryl,Milburn,mmilburnb4@google.de,Female,223-54-1734
402,Paulina,Rabbitt,prabbittb5@upenn.edu,Female,549-05-7359
403,Ignace,Plunkett,iplunkettb6@unblog.fr,Male,571-70-3956
404,Verla,Seaking,vseakingb7@microsoft.com,Female,152-46-2510
405,Frank,McReidy,fmcreidyb8@examiner.com,Female,203-30-1665
406,Samara,Mantione,smantioneb9@creativecommons.org,Female,121-46-9285
407,Grace,Gergolet,,Male,565-22-5587
408,Devonna,Douris,ddourisbb@state.gov,Non-binary,837-89-6297
409,Gnni,Kleanthous,gkleanthousbc@instagram.com,Female,709-57-1203
410,Elbert,Hullin,ehullinbd@blogtalkradio.com,Male,321-99-9131
411,Euell,Handrahan,ehandrahanbe@fotki.com,Male,583-55-1120
412,Kelwin,O'Dogherty,kodoghertybf@wisc.edu,Bigender,895-17-4344
413,Ailis,Attle,aattlebg@discovery.com,Female,725-09-9539
414,Klarika,Pallant,kpallantbh@state.gov,Female,207-07-4526
415,Claudia,Heasly,cheaslybi@vkontakte.ru,Female,309-15-6477
416,Winnah,Van der Veldt,wvanderveldtbj@sciencedirect.com,Female,
417,Smith,,sbanasevichbk@hc360.com,Male,336-17-9083
418,Adele,Bims,abimsbl@constantcontact.com,Genderfluid,729-34-5245
419,Welch,Dallaghan,wdallaghanbm@google.com.br,Male,334-59-6874
420,Cob,,,Male,608-30-0749
421,Vincenty,Risebrow,,Male,179-99-1593
422,Garey,Earle,gearlebp@reference.com,Male,488-75-2634
423,Adel,Lettley,,Female,488-81-3266
424,Bordy,Machan,bmachanbr@yahoo.co.jp,Male,226-17-1886
425,Zacharia,Seamen,zseamenbs@unblog.fr,Male,247-69-7564
426,Frieda,Ead,feadbt@reverbnation.com,Female,783-43-1278
427,Damian,Chidler,dchidlerbu@netlog.com,Male,882-68-9382
428,Orazio,Brasted,obrastedbv@dmoz.org,Male,646-42-0726
429,Collen,Laxen,claxenbw@miitbeian.gov.cn,Female,338-23-8126
430,Bobbee,Kolinsky,,Female,206-93-9544
431,Zachary,Philippeaux,,Male,
432,Lothaire,Lavender,llavenderbz@a8.net,Male,
433,Liesa,Kirvell,lkirvellc0@furl.net,Female,469-36-8800
434,Jacqui,Mangion,jmangionc1@blogger.com,Female,884-28-0597
435,Elfrida,Klimkin,eklimkinc2@soup.io,Female,898-32-9183
436,Lorne,Klimentyev,lklimentyevc3@tamu.edu,Female,601-18-4203
437,Wait,Wybron,wwybronc4@clickbank.net,Non-binary,479-83-2284
438,Ernst,Sisnett,esisnettc5@theglobeandmail.com,Male,483-12-4608
439,Maggee,Balwin,mbalwinc6@home.pl,Female,537-65-6103
440,Elfrieda,Tattershaw,,Female,171-89-6951
441,Samantha,Larmuth,,Female,386-46-7008
442,Simmonds,Gammet,,Male,772-64-3541
443,Sumner,Fiveash,sfiveashca@ameblo.jp,Male,847-26-5074
444,Corbie,Sein,,Male,109-42-4561
445,Charin,Josefer,,Female,194-88-4657
446,Kenna,Matignon,kmatignoncd@ihg.com,Female,703-84-1962
447,Cass,Backen,cbackence@sitemeter.com,Female,228-30-6851
448,Alden,Fowlston,afowlstoncf@yolasite.com,Male,174-32-8816
449,Araldo,Cockle,acocklecg@eepurl.com,Male,395-35-1513
450,Reg,Tift,rtiftch@imgur.com,Bigender,451-45-9884
451,Tommie,Casel,tcaselci@statcounter.com,Male,
452,Tremaine,Pires,tpirescj@narod.ru,Male,474-25-6140
453,Alecia,Lilburn,alilburnck@wix.com,Female,658-65-1895
454,Hew,Scotchmer,,Male,457-72-6184
455,Arlina,Leatham,,Female,
456,Zebulen,Cuffe,zcuffecn@wisc.edu,Male,753-43-0533
457,Evvy,Esgate,eesgateco@hud.gov,Bigender,476-92-9112
458,Alisander,Kupisz,akupiszcp@shop-pro.jp,Male,302-63-3831
459,Edik,Harding,ehardingcq@samsung.com,Male,337-24-0984
460,Jerrie,,,Genderqueer,270-04-2925
461,Pearce,McKmurrie,pmckmurriecs@sohu.com,Male,129-01-0938
462,Winfield,Leisk,wleiskct@imdb.com,Male,475-74-9979
463,Sara-ann,,strevoncu@disqus.com,Female,221-18-2819
464,Claretta,Pacht,cpachtcv@vistaprint.com,Female,311-74-3380
465,Lorene,Dyne,ldynecw@ucla.edu,Female,
466,Adan,Gason,agasoncx@ow.ly,Female,670-56-0518
467,Reed,Kleinzweig,rkleinzweigcy@360.cn,Male,342-84-3338
468,Alikee,Chatan,achatancz@theglobeandmail.com,Female,613-82-3080
469,Mallissa,Pratley,mpratleyd0@last.fm,Female,
470,Merlina,Vogele,mvogeled1@hugedomains.com,Female,580-13-0527
471,Marylynne,Audas,,Female,621-91-5301
472,Marcile,Rand,mrandd3@wordpress.com,Female,652-16-2162
473,Claretta,Henzer,chenzerd4@ucla.edu,Female,730-74-1428
474,Simmonds,Levey,,Male,393-56-3121
475,Arluene,Gristock,agristockd6@google.it,Female,710-86-2048
476,Estel,Vickery,evickeryd7@comcast.net,Female,181-26-6977
477,Marlena,Sellack,msellackd8@scientificamerican.com,Female,233-90-2575
478,Constantina,Grouse,cgroused9@histats.com,Female,243-44-8069
479,Dode,Smout,dsmoutda@google.com.hk,Female,654-51-4670
480,Marietta,,myouhilldb@cmu.edu,Male,160-98-6322
481,Ginelle,McGreil,,Bigender,483-84-3686
482,Glori,,gkubandd@lulu.com,Female,419-64-1009
483,Yancey,Schimke,yschimkede@stanford.edu,Male,331-71-1541
484,Mitchel,Drei,mdreidf@google.de,Male,
485,Chic,Baggelley,cbaggelleydg@stanford.edu,Male,187-55-5043
486,Ethelbert,,,Male,528-15-9451
487,Arlin,Enrdigo,aenrdigodi@cdc.gov,Male,126-41-5190
488,Claudelle,Bullus,cbullusdj@nasa.gov,Female,707-38-2029
489,Florina,Kett,fkettdk@theglobeandmail.com,Female,260-14-7927
490,Lanae,Killeen,lkilleendl@wordpress.org,Female,754-46-3133
491,Jesse,Merali,,Polygender,
492,Turner,Shakspeare,tshakspearedn@army.mil,Male,351-08-1021
493,Elenore,Milland,emillanddo@nasa.gov,Female,160-52-0413
494,Katusha,Heephy,kheephydp@slate.com,Female,470-97-0592
495,Hansiain,Allonby,,Male,642-24-2719
496,Jodee,Kalinowsky,,Female,674-33-4413
497,Abel,Pisculli,,Male,366-31-5296
498,Angelle,Swales,aswalesdt@ft.com,Female,528-46-5071
499,Davidson,Soares,dsoaresdu@yolasite.com,Male,454-74-2301
500,Adelind,Ortells,aortellsdv@taobao.com,Female,123-24-7722
501,Elmo,Lote,,Male,893-50-8129
502,Hale,Stonman,hstonmandx@netlog.com,Male,615-80-5719
503,Courtenay,Maken,cmakendy@huffingtonpost.com,Female,140-45-1694
504,Jefferson,Scorthorne,jscorthornedz@youku.com,Male,647-09-9120
505,Riannon,Whatling,rwhatlinge0@techcrunch.com,Female,759-25-4144
506,Tadd,Clapson,,Male,451-97-9464
507,Agnesse,Pinsent,,Female,571-02-5337
508,Clint,Asmus,casmuse3@printfriendly.com,Male,783-72-5377
509,Jarrett,Standing,jstandinge4@huffingtonpost.com,Bigender,344-11-3085
510,Tailor,Chaundy,tchaundye5@blogger.com,Male,651-42-4429
511,Zelig,,zpedrolloe6@umich.edu,Male,342-76-1589
512,Doralynn,Dormon,ddormone7@zimbio.com,Female,899-81-5804
513,Woodman,Carswell,wcarswelle8@myspace.com,Male,552-51-4277
514,Derk,Yellowlea,dyellowleae9@privacy.gov.au,Male,233-63-1874
515,Auguste,,,Female,713-24-8308
516,Sandor,Fischer,sfischereb@shop-pro.jp,Male,315-21-5795
517,Hali,,hartharsec@netlog.com,Female,616-05-2139
518,Bab,,bsavileed@cnet.com,Female,595-02-3719
519,Henderson,Stallan,hstallanee@baidu.com,Male,581-75-3117
520,Ab,Mallett,amallettef@indiegogo.com,Male,216-08-3664
521,Nerte,Dolle,ndolleeg@bloglovin.com,Female,157-16-4019
522,Nicky,Gayler,ngaylereh@paginegialle.it,Genderqueer,160-79-5701
523,Gwynne,Purdy,gpurdyei@arstechnica.com,Female,684-69-6839
524,Olympe,Wolsey,owolseyej@tinypic.com,Female,207-31-3465
525,Bernadette,Maher,bmaherek@sourceforge.net,Female,107-54-1109
526,Wolf,Canellas,wcanellasel@etsy.com,Male,462-33-6467
527,Alford,Brunotti,abrunottiem@friendfeed.com,Male,303-33-4970
528,Skell,Ledbury,sledburyen@samsung.com,Male,438-63-8809
529,Durant,Struther,,Male,287-62-0757
530,Laverne,,lstuartep@google.ru,Female,832-83-8887
531,Shea,Pietroni,spietronieq@artisteer.com,Male,290-13-2491
532,Marnie,Sprake,msprakeer@hc360.com,Female,445-52-8711
533,Nanon,Nerney,nnerneyes@drupal.org,Female,
534,Corney,Kliment,cklimentet@nyu.edu,Male,197-97-7769
535,Selle,Roxburch,sroxburcheu@g.co,Female,
536,Richardo,Diggle,rdiggleev@google.ru,Male,233-33-5608
537,Gigi,Takos,gtakosew@fema.gov,Female,397-25-2031
538,Nessie,Tynnan,ntynnanex@stanford.edu,Female,
539,Carlee,Scouse,cscouseey@artisteer.com,Female,868-31-6119
540,De,,dharradez@admin.ch,Female,254-05-2233
541,Stu,Bowlands,sbowlandsf0@cpanel.net,Male,262-26-5844
542,Shaine,Legerwood,slegerwoodf1@ebay.com,Female,462-53-2050
543,Kissie,Jerke,kjerkef2@cbsnews.com,Female,355-50-3604
544,Beale,Gerling,,Male,
545,Ana,Erett,aerettf4@amazon.co.uk,Female,463-03-5942
546,Genia,Henric,ghenricf5@upenn.edu,Female,532-37-5302
547,Iormina,Massel,imasself6@e-recht24.de,Female,850-14-6161
548,Vlad,Haycox,vhaycoxf7@ca.gov,Male,307-06-9016
549,Theo,Millen,tmillenf8@dailymotion.com,Male,461-97-0342
550,Clemmie,,cjerromef9@privacy.gov.au,Female,635-28-0636
551,Sherie,Stoll,,Female,689-29-8146
552,Elisha,Breese,ebreesefb@phpbb.com,Male,189-57-5282
553,Burr,Prater,bpraterfc@amazonaws.com,Male,576-93-9934
554,Jacqueline,Casarino,jcasarinofd@nih.gov,Non-binary,678-31-2372
555,Obediah,Eastment,oeastmentfe@washingtonpost.com,Male,665-50-2567
556,Phebe,Nuton,pnutonff@soup.io,Female,
557,Jobie,Nuemann,,Female,299-40-3951
558,Stephana,Morland,smorlandfh@google.com.hk,Female,
559,Emmanuel,Vickarman,evickarmanfi@mtv.com,Male,474-25-4362
560,Shaun,,,Male,191-59-6304
561,Eda,,elyddiardfk@google.de,Female,815-56-2830
562,Terza,Sparkwell,tsparkwellfl@jugem.jp,Female,118-25-3903
563,Raquel,Mora,,Female,224-33-7108
564,Dermot,Westraw,dwestrawfn@seesaa.net,Male,177-42-2518
565,Jaymie,Coughlin,jcoughlinfo@zdnet.com,Male,166-37-9150
566,Isahella,Clarkson,,Female,727-03-8473
567,Alasdair,Brobak,abrobakfq@bing.com,Male,424-62-5375
568,Cassandra,Courvert,ccourvertfr@ibm.com,Female,600-62-4683
569,Johnny,Curnow,jcurnowfs@typepad.com,Male,457-45-6791
570,Bertina,Scheffel,bscheffelft@sbwire.com,Female,557-23-1521
571,Sophronia,Planque,splanquefu@ted.com,Genderfluid,
572,Richardo,Giblin,rgiblinfv@ucoz.com,Male,
573,Suki,Keable,skeablefw@geocities.jp,Female,683-64-0027
574,Rem,Suddick,rsuddickfx@google.com,Male,153-15-4633
575,Ilise,Jouning,ijouningfy@cnn.com,Female,576-95-6909
576,Eddi,Downes,,Female,408-25-0512
577,Abbey,Genever,ageneverg0@tuttocitta.it,Male,399-68-6148
578,Ring,Fernant,rfernantg1@bloomberg.com,Male,796-58-6926
579,Codie,,cmunging2@spiegel.de,Male,574-43-3800
580,Una,St Pierre,ustpierreg3@meetup.com,Female,668-81-2418
581,Missy,Grolmann,mgrolmanng4@discovery.com,Female,696-39-6200
582,Delmar,Skey,dskeyg5@opensource.org,Male,
583,Ferd,Easbie,feasbieg6@weather.com,Male,112-47-3561
584,Shepperd,Orniz,sornizg7@canalblog.com,Male,751-93-6205
585,Martelle,Botterill,mbotterillg8@nationalgeographic.com,Female,736-63-0847
586,Ives,Ashbrook,,Male,783-18-0443
587,Carree,Caltun,ccaltunga@jigsy.com,Female,696-12-6026
588,Mamie,Bodley,,Female,333-29-5449
589,Cele,Alishoner,calishonergc@linkedin.com,Female,530-70-2421
590,Noak,Touhig,ntouhiggd@bandcamp.com,Male,597-30-2875
591,Noble,Warby,,Male,684-07-0749
592,Wynnie,Maskell,,Female,
593,Keelby,Tocknell,ktocknellgg@skype.com,Male,607-18-8133
594,Noella,Rickcord,nrickcordgh@ifeng.com,Female,148-37-3716
595,Maurits,Phillcock,mphillcockgi@redcross.org,Male,109-74-1468
596,Allayne,,adrewcliftongj@mapquest.com,Bigender,797-78-4560
597,Cesar,Morfield,cmorfieldgk@exblog.jp,Male,
598,Hedi,Stalley,hstalleygl@phoca.cz,Female,523-38-0484
599,Elmira,MacGhee,emacgheegm@microsoft.com,Genderfluid,875-72-0997
600,Shurwood,Mitcheson,smitchesongn@dropbox.com,Male,591-12-0241
601,Carita,Goundsy,cgoundsygo@tinypic.com,Female,281-18-0407
602,Cindy,Bernasek,cbernasekgp@delicious.com,Female,248-37-8647
603,Federico,Greiswood,fgreiswoodgq@imgur.com,Male,415-89-5000
604,Pierson,Pittman,,Male,
605,Barn,,,Male,246-51-2401
606,Robin,,,Female,784-01-0505
607,Jonathan,Bahia,,Male,719-80-0760
608,Dacy,Hark,dharkgv@arizona.edu,Female,892-42-7320
609,Luis,Gulliman,lgullimangw@msn.com,Male,283-81-2478
610,Ashlen,Ounsworth,aounsworthgx@state.gov,Female,291-78-3379
611,Keenan,Duns,kdunsgy@cpanel.net,Male,463-93-1433
612,Anthia,Burcombe,aburcombegz@qq.com,Female,308-35-9565
613,Tatiania,Swainson,tswainsonh0@sitemeter.com,Female,737-36-0491
614,Scarlet,,sbeahanh1@ft.com,Female,268-17-4509
615,Doralynn,Siss,,Female,854-90-1091
616,Myrilla,Enever,,Female,585-70-1198
617,Catina,Laverick,claverickh4@google.com.au,Female,268-50-0910
618,Riva,Yallowley,ryallowleyh5@sphinn.com,Female,405-81-9195
619,Abbot,McCafferky,,Bigender,426-87-1438
620,Rabi,O'Flynn,,Male,
621,Dugald,Borkin,dborkinh8@comcast.net,Male,397-30-5940
622,Thaddeus,Bischof,tbischofh9@bluehost.com,Male,614-09-3185
623,Caddric,MacGorman,,Male,
624,Budd,Twigge,btwiggehb@pcworld.com,Male,883-42-7559
625,Bellina,Bentham,bbenthamhc@umn.edu,Female,
626,Cherice,Rafter,crafterhd@hostgator.com,Female,629-71-2430
627,Ingeberg,Corben,icorbenhe@reverbnation.com,Female,788-21-5107
628,Antoinette,Doherty,adohertyhf@altervista.org,Female,833-23-9258
629,Ab,Gellert,agellerthg@yelp.com,Male,353-76-9350
630,Taylor,Wooff,twooffhh@studiopress.com,Male,711-27-3598
631,Liane,Nenci,lnencihi@army.mil,Female,128-94-5147
632,Bonita,Ferreri,bferrerihj@webmd.com,Female,425-41-3007
633,Carmine,Selbie,cselbiehk@freewebs.com,Male,786-54-8789
634,Robbie,Pohls,rpohlshl@livejournal.com,Male,771-12-5085
635,Rodrigo,Jenkin,,Male,142-15-6997
636,Nikolaos,Reichartz,,Male,645-50-4594
637,Dal,Werndley,dwerndleyho@shutterfly.com,Male,
638,Kirby,Bilsland,,Genderqueer,787-75-6828
639,Bathsheba,Rown,brownhq@gmpg.org,Female,504-25-0297
640,Miguel,Caven,mcavenhr@google.co.uk,Male,217-50-5151
641,Gaye,,gkanwellhs@drupal.org,Female,417-14-1559
642,Marcello,McCoughan,,Male,234-93-5266
643,Joli,Mindenhall,jmindenhallhu@geocities.com,Female,881-26-0913
644,Erhard,,edevenniehv@vinaora.com,Male,152-83-3117
645,Nerte,,nvaseyhw@ucoz.ru,Female,192-54-5793
646,Jolie,Chasle,jchaslehx@tuttocitta.it,Female,182-06-4531
647,Hayley,Tarplee,htarpleehy@is.gd,Female,788-29-4542
648,Ronalda,David,rdavidhz@spotify.com,Female,778-60-2903
649,Alis,Mandre,amandrei0@youtube.com,Bigender,791-80-5646
650,Felicia,Pettit,fpettiti1@studiopress.com,Female,308-18-3377
651,Janeen,Brunnstein,jbrunnsteini2@sfgate.com,Female,804-19-9418
652,Yvon,Twiddell,ytwiddelli3@theguardian.com,Male,435-15-7121
653,Morton,Sutterby,,Male,233-59-9937
654,Gerti,Kibble,gkibblei5@comsenz.com,Female,266-68-9784
655,Yorgo,Damant,ydamanti6@apache.org,Male,346-71-6008
656,Lanny,Ferres,lferresi7@oakley.com,Male,201-73-2865
657,Scott,Krug,skrugi8@toplist.cz,Male,439-21-8533
658,Diandra,O'Dougherty,dodoughertyi9@ning.com,Female,386-69-0130
659,Urbanus,Skudder,uskudderia@macromedia.com,Male,591-99-7748
660,Constance,Tremblay,ctremblayib@google.pl,Female,746-07-0066
661,Tatiania,Antal,tantalic@storify.com,Female,193-16-2709
662,Lari,Shayler,lshaylerid@xinhuanet.com,Female,279-02-1988
663,Reine,Tennison,rtennisonie@scribd.com,Polygender,877-51-7909
664,Lyman,Barbe,lbarbeif@usnews.com,Male,
665,Garnette,Jermey,gjermeyig@yandex.ru,Female,757-77-9788
666,Cash,Grube,cgrubeih@thetimes.co.uk,Male,
667,Arielle,April,aaprilii@imageshack.us,Female,791-68-7139
668,Ripley,Drabble,rdrabbleij@cbslocal.com,Male,703-34-6805
669,Christy,Greenslade,cgreensladeik@arizona.edu,Polygender,630-65-8204
670,Willabella,Jarrold,wjarroldil@cbslocal.com,Female,163-25-7259
671,Lloyd,Dowsey,ldowseyim@quantcast.com,Male,620-61-0393
672,Erika,Nazareth,,Female,377-78-3623
673,Roxana,Crawforth,rcrawforthio@guardian.co.uk,Female,153-75-7089
674,Dyann,Petteford,,Female,114-37-6963
675,Gal,Beach,gbeachiq@4shared.com,Male,694-23-5875
676,Chauncey,Dyos,cdyosir@abc.net.au,Male,232-67-7714
677,Parsifal,Garfath,pgarfathis@is.gd,Male,175-80-8173
678,Hanni,Bartolijn,,Female,822-47-8993
679,Meryl,Vanlint,mvanlintiu@japanpost.jp,Male,473-15-8466
680,Sammy,Packman,spackmaniv@goodreads.com,Male,617-11-4172
681,Allan,Warman,awarmaniw@altervista.org,Genderfluid,377-04-6602
682,Cissy,Awcoate,cawcoateix@cbslocal.com,Female,402-30-0029
683,Christy,Litton,clittoniy@ustream.tv,Female,135-06-4115
684,Sawyer,Bolderoe,sbolderoeiz@ezinearticles.com,Male,
685,Hobie,Gamett,hgamettj0@liveinternet.ru,Male,715-43-3675
686,Kinnie,Gyngell,kgyngellj1@wordpress.org,Genderfluid,871-95-7986
687,Marius,Knight,mknightj2@rakuten.co.jp,Male,252-28-1575
688,Margalo,Grazier,mgrazierj3@cnet.com,Female,544-79-7059
689,Kimbra,Dreinan,kdreinanj4@netlog.com,Female,177-50-8658
690,Maudie,Acome,macomej5@forbes.com,Female,630-80-1116
691,Blake,Bosche,bboschej6@zdnet.com,Male,215-77-3109
692,Max,Snewin,msnewinj7@devhub.com,Female,309-41-7172
693,Halsey,,hpochinj8@economist.com,Male,829-47-2616
694,Tabina,Marmon,,Polygender,550-49-2140
695,Iolande,Newdick,,Female,286-37-4069
696,Barton,Fanshaw,bfanshawjb@google.com.hk,Male,201-90-0382
697,Andreana,Shawdforth,ashawdforthjc@uol.com.br,Female,335-65-5196
698,Alexander,Redley,,Male,291-83-4540
699,Astrix,Shee,asheeje@t-online.de,Female,672-52-3778
700,Isadore,Jone,ijonejf@google.es,Male,113-02-9823
701,Lin,Dowers,ldowersjg@gizmodo.com,Male,
702,Deb,MacNulty,dmacnultyjh@shareasale.com,Female,514-98-4480
703,Arley,Pyett,,Male,326-96-6892
704,Doy,,dpriddingjj@baidu.com,Male,104-20-7671
705,Stu,Allsebrook,sallsebrookjk@cargocollective.com,Male,
706,Carmella,Gleave,cgleavejl@si.edu,Female,282-41-2031
707,Ned,Allmond,,Male,730-13-6239
708,Gregoire,,gmilburnjn@ft.com,Male,540-75-2825
709,Emanuele,Privett,eprivettjo@reverbnation.com,Male,284-99-0007
710,Cirilo,Doldon,,Male,823-15-6414
711,Boycie,Petranek,bpetranekjq@boston.com,Male,556-59-1937
712,Zaneta,Rizzolo,,Female,594-78-0595
713,Perl,Cronshaw,pcronshawjs@techcrunch.com,Female,707-08-7839
714,Gustaf,,ggiorgiellijt@google.com.hk,Male,505-73-6309
715,Elizabet,Stepto,esteptoju@ezinearticles.com,Agender,891-47-3942
716,Julietta,Rate,jratejv@cyberchimps.com,Female,404-25-5842
717,Nannette,Isac,nisacjw@gizmodo.com,Female,405-81-0415
718,Felic,Thorndale,fthorndalejx@ask.com,Bigender,530-51-6530
719,Mirilla,Lutman,mlutmanjy@hao123.com,Female,
720,Cassondra,Whiffin,cwhiffinjz@rediff.com,Female,816-19-6550
721,Annabelle,Mercy,amercyk0@nationalgeographic.com,Female,160-05-4214
722,Salomone,Rattenbury,srattenburyk1@uiuc.edu,Male,294-97-2651
723,Madelena,Nicholson,mnicholsonk2@globo.com,Female,244-79-3400
724,Kristyn,Benez,,Female,217-49-4535
725,Misty,Carbine,mcarbinek4@storify.com,Female,
726,Agretha,Craddy,,Female,867-47-2516
727,Felicio,Rudland,frudlandk6@wunderground.com,Male,434-48-8009
728,Vida,Geke,vgekek7@icq.com,Female,432-14-4998
729,Barbe,Scading,bscadingk8@hhs.gov,Female,630-30-2503
730,Matthus,Lofthouse,,Male,433-59-3737
731,Murielle,Kilsby,mkilsbyka@ucsd.edu,Female,727-37-9695
732,Mag,,mwickmankb@xinhuanet.com,Female,327-21-4650
733,Giulio,Pedden,gpeddenkc@nhs.uk,Male,631-84-7923
734,Orbadiah,Tuison,otuisonkd@google.de,Male,281-32-1680
735,Osborn,Antonowicz,oantonowiczke@blog.com,Male,850-70-7127
736,Risa,Wrotchford,rwrotchfordkf@newyorker.com,Female,885-80-4133
737,Christal,Boise,,Female,253-88-6835
738,Blondelle,Figge,bfiggekh@foxnews.com,Female,216-81-1652
739,Bettye,O'Rodane,borodaneki@nps.gov,Female,874-26-6997
740,Ingemar,Mancell,imancellkj@hc360.com,Male,632-80-1684
741,Joell,Montacute,jmontacutekk@liveinternet.ru,Female,406-69-4570
742,Ranna,Massimo,,Female,624-41-2569
743,De witt,Slott,dslottkm@shutterfly.com,Male,730-18-7134
744,Norton,Heenan,nheenankn@twitter.com,Male,598-81-5137
745,Roger,,rbeamentko@parallels.com,Male,855-71-6659
746,Darrel,Cornbell,dcornbellkp@wordpress.org,Male,432-40-8120
747,Fabio,Feldklein,,Genderfluid,862-78-6501
748,Rubie,Doy,rdoykr@typepad.com,Female,367-92-7724
749,Osborne,Gatrell,ogatrellks@alibaba.com,Male,764-16-7480
750,Ruthanne,Canadine,rcanadinekt@apache.org,Female,585-16-8804
751,Gavin,Jackalin,,Male,
752,Giff,Laver,glaverkv@cnet.com,Male,586-89-1386
753,Sharron,Priddle,spriddlekw@fema.gov,Genderfluid,618-81-8882
754,Gaye,Sustin,gsustinkx@google.co.uk,Female,686-46-9104
755,Janeta,Rosoni,jrosoniky@slashdot.org,Female,220-46-1830
756,Lancelot,Timbrell,,Male,863-79-3752
757,Zena,Thieme,zthiemel0@cdc.gov,Non-binary,605-08-2773
758,Reina,Selbie,rselbiel1@taobao.com,Female,
759,Donelle,Marzelle,dmarzellel2@elegantthemes.com,Female,275-34-8717
760,Anne-corinne,Coppen,acoppenl3@census.gov,Female,725-18-9290
761,Hill,Faughey,hfaugheyl4@thetimes.co.uk,Male,499-86-9676
762,Ximenez,Smout,xsmoutl5@alexa.com,Male,558-07-2182
763,Marjorie,O'Callaghan,,Non-binary,716-60-0195
764,Gun,Hawson,ghawsonl7@tinyurl.com,Male,703-14-6492
765,Camella,Thairs,cthairsl8@exblog.jp,Female,
766,Romy,,rannisl9@youku.com,Female,308-05-2595
767,Delora,Bretherton,dbrethertonla@printfriendly.com,Female,140-60-7755
768,Carla,McKeag,cmckeaglb@buzzfeed.com,Female,846-52-3071
769,Loy,McGoogan,,Male,719-19-0733
770,Alonzo,Lacky,alackyld@ezinearticles.com,Male,550-60-6382
771,Flossie,Danihel,,Female,680-62-4011
772,Colene,Pill,,Female,579-44-5226
773,Esmeralda,McCome,emccomelg@multiply.com,Female,621-03-3671
774,Domingo,Darch,,Male,300-22-1246
775,Arri,Red,aredli@drupal.org,Male,374-03-6411
776,Jeni,,jhornbucklelj@dmoz.org,Female,220-55-6318
777,Innis,Martinon,imartinonlk@state.gov,Polygender,164-47-0496
778,Kati,Kennelly,kkennellyll@godaddy.com,Female,723-19-1372
779,Minne,Binford,mbinfordlm@acquirethisname.com,Female,355-55-9619
780,Adrien,Uccelli,auccelliln@google.ca,Male,350-92-3775
781,Candis,Gumbley,cgumbleylo@themeforest.net,Female,638-74-3673
782,Armand,Skipsey,askipseylp@timesonline.co.uk,Agender,347-38-5538
783,Ken,Sheryn,ksherynlq@1688.com,Male,456-59-5405
784,Lanna,Mougeot,lmougeotlr@delicious.com,Female,898-02-8526
785,Brynne,Heatley,,Female,172-92-9536
786,Giraud,Masseo,gmasseolt@facebook.com,Male,339-43-4182
787,Cece,Pennuzzi,cpennuzzilu@macromedia.com,Agender,
788,Harmonia,Sumshon,hsumshonlv@scribd.com,Female,467-18-7302
789,Armin,Goulbourne,agoulbournelw@bluehost.com,Genderfluid,894-07-5809
790,Clemens,Pidduck,cpidducklx@meetup.com,Bigender,747-38-8871
791,Arv,Pinner,apinnerly@dedecms.com,Male,747-15-5169
792,Vasili,Cleiment,vcleimentlz@virginia.edu,Male,530-16-7541
793,Leighton,,lgleavem0@tuttocitta.it,Male,886-91-9351
794,Gamaliel,Fortoun,gfortounm1@purevolume.com,Male,
795,Germana,,gharriottm2@edublogs.org,Female,693-55-1748
796,Chrissie,Edgson,,Male,892-63-2030
797,Shari,Barhams,sbarhamsm4@marriott.com,Female,708-58-6609
798,Kassia,Davsley,kdavsleym5@squarespace.com,Female,621-93-2949
799,Elisabet,Eltun,,Female,126-08-5603
800,Miof mela,Fredy,mfredym7@clickbank.net,Non-binary,
801,Antoni,Benning,abenningm8@wikimedia.org,Male,874-97-5952
802,Garvey,Sedgman,gsedgmanm9@taobao.com,Male,455-93-6719
803,Kalila,O'Donegan,kodoneganma@businessinsider.com,Female,643-61-8744
804,Evangeline,Prevett,eprevettmb@rediff.com,Female,742-16-7435
805,Stewart,Davall,sdavallmc@ow.ly,Male,184-87-5954
806,Mike,Garret,,Male,897-22-2456
807,Tedi,Mepsted,tmepstedme@usgs.gov,Female,526-16-3917
808,Lynette,Beggs,lbeggsmf@theatlantic.com,Female,660-47-8858
809,Addy,Cordingly,acordinglymg@chicagotribune.com,Male,664-74-6460
810,Artemus,Lindsey,,Male,384-91-8741
811,Frederico,Gaudin,fgaudinmi@cbc.ca,Male,268-22-8694
812,Lusa,Lasseter,,Female,539-79-6972
813,Sabrina,,,Female,423-81-8081
814,Alon,Tabard,atabardml@latimes.com,Male,470-71-7258
815,Leontine,Tatershall,ltatershallmm@ucla.edu,Female,284-79-5475
816,Ronnie,Fentem,,Female,614-46-0242
817,Duane,Brettoner,,Male,722-76-1735
818,Leia,Thombleson,lthomblesonmp@foxnews.com,Female,421-50-2545
819,Minta,Akess,makessmq@washingtonpost.com,Female,393-93-6903
820,Ernie,Gouth,egouthmr@ox.ac.uk,Male,436-78-0138
821,Eleni,Louca,eloucams@eepurl.com,Female,
822,Kristan,Lant,,Female,
823,Lezley,Towse,ltowsemu@istockphoto.com,Male,736-25-5321
824,Naoma,Gibben,ngibbenmv@behance.net,Female,881-25-8228
825,Uriel,Eiler,ueilermw@discovery.com,Male,375-36-1673
826,Lisetta,,lbrewardmx@usgs.gov,Female,808-36-6801
827,Gasparo,Klimkovich,gklimkovichmy@salon.com,Male,705-82-1191
828,Alanna,Stoneley,,Female,608-26-7965
829,Danell,,,Female,
830,Vanda,,vgleadlen1@mtv.com,Agender,745-06-4471
831,Kipp,Eastcourt,keastcourtn2@berkeley.edu,Male,622-41-6117
832,Madelyn,Collingwood,mcollingwoodn3@walmart.com,Female,187-60-5424
833,Malorie,Gennrich,mgennrichn4@nydailynews.com,Female,731-47-7135
834,Moria,Beilby,,Female,340-41-7910
835,Kirstyn,Lowton,klowtonn6@yellowbook.com,Female,106-52-4094
836,Lynnell,Skase,lskasen7@oaic.gov.au,Female,425-41-2328
837,Heda,Strickland,hstricklandn8@meetup.com,Female,564-96-9937
838,Saul,Rainbird,srainbirdn9@cdc.gov,Male,197-31-5815
839,Thorpe,Scates,tscatesna@ftc.gov,Male,599-69-7073
840,Ruben,Leyburn,rleyburnnb@slideshare.net,Male,283-11-0258
841,Jerrome,Girod,,Male,460-08-0071
842,Melloney,Thain,mthainnd@prlog.org,Female,234-37-0698
843,Pascale,Ballister,pballisterne@slate.com,Male,188-47-1197
844,Jaquenette,Ibbison,jibbisonnf@whitehouse.gov,Bigender,495-41-8885
845,Gus,Quilleash,gquilleashng@sakura.ne.jp,Female,
846,Car,,,Male,182-59-9359
847,Ludvig,Henner,lhennerni@ucoz.com,Male,774-65-5983
848,Chance,Robbert,crobbertnj@trellian.com,Bigender,691-35-6178
849,Todd,Mordanti,tmordantink@simplemachines.org,Genderfluid,111-56-5027
850,Neal,MacShane,nmacshanenl@fastcompany.com,Male,223-92-0977
851,Neville,Taplin,ntaplinnm@nymag.com,Genderfluid,
852,Kerrie,Dyzart,kdyzartnn@delicious.com,Female,204-26-0443
853,Elna,Gaunson,egaunsonno@japanpost.jp,Female,599-66-5157
854,Gaylor,Swaile,,Male,596-45-8669
855,Karim,Spain,kspainnq@xinhuanet.com,Genderfluid,244-96-2042
856,Vance,Hutcheons,vhutcheonsnr@delicious.com,Male,195-10-9776
857,Cleve,Filpo,cfilpons@soundcloud.com,Male,528-83-4372
858,Tabor,,tdionsettint@mac.com,Male,730-87-1855
859,Antoine,O'Shirine,aoshirinenu@nsw.gov.au,Male,496-91-3098
860,Pooh,Stearnes,,Male,401-42-2240
861,Leonerd,Dermot,ldermotnw@virginia.edu,Male,
862,Hugh,Winspar,,Male,654-61-9375
863,Domenic,Dodgson,ddodgsonny@bluehost.com,Male,882-84-1984
864,Fredra,Lefridge,flefridgenz@reddit.com,Female,289-79-7158
865,Audi,Pietruschka,apietruschkao0@npr.org,Female,650-91-0793
866,Renell,Whichelow,rwhichelowo1@amazon.de,Female,144-85-3102
867,Wandis,Davidovitch,wdavidovitcho2@fc2.com,Female,834-86-2704
868,Temple,Jaynes,tjayneso3@cam.ac.uk,Agender,447-03-2279
869,Norri,Seabrooke,nseabrookeo4@independent.co.uk,Female,
870,Alphonse,Ussher,ausshero5@google.ca,Male,
871,Rachelle,Aguirrezabala,,Female,399-81-3533
872,Joleen,Skelding,,Female,551-71-1388
873,Katusha,Gallety,,Female,407-29-6311
874,Alfi,Iacovuzzi,aiacovuzzio9@engadget.com,Female,423-46-7787
875,Philipa,Frigout,pfrigoutoa@mail.ru,Female,393-66-9740
876,Patrica,Carnihan,pcarnihanob@php.net,Female,195-24-2666
877,Vicki,Mooring,vmooringoc@reverbnation.com,Female,589-83-8609
878,Mozes,Jagoe,,Male,287-20-7979
879,Jany,Sweeney,jsweeneyoe@taobao.com,Female,160-22-4376
880,Gav,Beau,,Male,680-56-3056
881,Tersina,Van Eeden,tvaneedenog@canalblog.com,Female,592-73-5416
882,Sergio,Gabe,sgabeoh@moonfruit.com,Male,159-56-9227
883,Gunilla,Iashvili,giashvilioi@cbsnews.com,Female,765-30-7306
884,Barbara-anne,Astupenas,bastupenasoj@multiply.com,Female,756-71-5788
885,Rea,Eaddy,readdyok@ovh.net,Female,480-20-1505
886,Allianora,Oman,aomanol@tamu.edu,Female,711-48-6977
887,Ezmeralda,Bounds,eboundsom@amazon.co.jp,Non-binary,556-73-5992
888,Kippie,Harbron,kharbronon@sciencedirect.com,Male,842-49-2037
889,Reinold,Bome,,Polygender,191-46-7172
890,Kyle,Butterfill,kbutterfillop@ameblo.jp,Female,352-83-1062
891,Estrella,Caneo,ecaneooq@webs.com,Female,650-51-5863
892,Stephi,Hanton,shantonor@howstuffworks.com,Female,665-33-6893
893,Janeen,Jillitt,jjillittos@163.com,Polygender,635-12-6111
894,Tonye,Boshier,tboshierot@wikipedia.org,Female,256-35-2118
895,Ambros,,abrandenbergou@ibm.com,Male,663-57-0722
896,Sonja,Jedrychowski,sjedrychowskiov@wikipedia.org,Female,630-88-2690
897,Arman,Greaves,agreavesow@auda.org.au,Male,195-48-6832
898,Margareta,Mountney,,Female,
899,Bili,Astridge,,Female,131-95-7113
900,Cari,Rosenthaler,,Female,414-78-2862
901,Dimitri,Rottenbury,,Polygender,
902,Rosemary,Lundbech,rlundbechp1@alibaba.com,Bigender,399-77-6699
903,Rene,Sellner,,Male,575-26-4858
904,Wilek,Ikins,wikinsp3@creativecommons.org,Male,135-13-0818
905,Diane-marie,MacRory,,Female,643-17-4006
906,Anni,Medcraft,amedcraftp5@webnode.com,Female,729-32-3428
907,Cirillo,Werendell,cwerendellp6@wikia.com,Male,869-54-2003
908,Dunc,Keyzman,,Male,685-61-6462
909,Frazer,Labro,flabrop8@xinhuanet.com,Male,675-71-8113
910,Fina,,,Polygender,633-18-3099
911,Germayne,Marquet,gmarquetpa@wunderground.com,Male,420-96-1787
912,Zita,Silby,,Female,823-47-4150
913,Byron,Batterson,bbattersonpc@yahoo.com,Male,286-62-5549
914,Carole,Viel,,Female,
915,Eugen,Scurman,escurmanpe@cdc.gov,Male,292-87-3476
916,Rozele,Barbosa,,Female,692-69-9828
917,Danette,Gotmann,dgotmannpg@google.ru,Female,681-68-6462
918,Towney,Van der Hoeven,tvanderhoevenph@indiatimes.com,Agender,
919,Micky,Speeding,mspeedingpi@google.com.br,Male,665-82-4214
920,Erhart,Esser,eesserpj@hubpages.com,Male,
921,Madalyn,Sline,mslinepk@ameblo.jp,Female,659-73-0039
922,Ev,McGonnell,emcgonnellpl@tripod.com,Male,286-55-5296
923,Elihu,Isaacson,eisaacsonpm@canalblog.com,Male,688-58-0109
924,Guthrey,Persicke,gpersickepn@dedecms.com,Male,603-56-2718
925,Isabelle,O'Drought,iodroughtpo@a8.net,Female,518-56-6439
926,Velma,Norval,,Female,470-89-5793
927,Kaylee,Dabes,kdabespq@chron.com,Genderfluid,120-54-1223
928,Krysta,Agglio,kaggliopr@chicagotribune.com,Female,449-66-7264
929,Damara,Godmar,dgodmarps@hc360.com,Female,374-34-7112
930,Leontyne,Foxcroft,,Female,659-19-7833
931,Emily,Heeley,eheeleypu@sakura.ne.jp,Polygender,789-96-8500
932,Chris,,cattrydepv@friendfeed.com,Female,658-40-9273
933,Ardith,Bowton,abowtonpw@yahoo.com,Female,443-77-7816
934,Jacinthe,Sayles,,Female,749-11-7409
935,Irita,Bolter,ibolterpy@joomla.org,Female,733-88-9673
936,Quint,Knevit,qknevitpz@joomla.org,Male,757-68-0168
937,Doti,Yakuntzov,dyakuntzovq0@wikimedia.org,Female,246-34-1227
938,Jacenta,MacCole,jmaccoleq1@epa.gov,Female,156-69-4942
939,Mac,Cloney,mcloneyq2@weather.com,Male,791-07-5023
940,Hillyer,Scholefield,hscholefieldq3@uol.com.br,Male,382-12-9363
941,Sigfrid,Eadington,seadingtonq4@yellowbook.com,Male,785-07-3138
942,Anetta,Bucky,abuckyq5@umn.edu,Female,437-87-3241
943,Ernie,Stroban,estrobanq6@ibm.com,Male,307-49-9358
944,Dasie,,dlandreq7@liveinternet.ru,Female,
945,Fairleigh,Ricciardello,fricciardelloq8@reverbnation.com,Male,692-29-1534
946,Falito,Seden,fsedenq9@stanford.edu,Male,
947,Chaddy,Milmore,cmilmoreqa@house.gov,Male,636-96-5152
948,Elihu,Devaney,edevaneyqb@google.com.br,Male,
949,Jayme,Rylstone,jrylstoneqc@mayoclinic.com,Male,860-56-4861
950,Clotilda,Haskins,chaskinsqd@youtu.be,Female,794-64-7353
951,Hussein,Bailey,hbaileyqe@google.es,Male,588-47-9945
952,Emylee,Cornelis,,Female,513-26-9825
953,Hamlin,Stiffkins,,Male,380-87-0539
954,Penny,Cary,pcaryqh@illinois.edu,Female,780-35-4705
955,Garold,Pottiphar,,Male,676-44-6089
956,Shir,Topliss,stoplissqj@examiner.com,Female,834-67-7527
957,Byrle,Gritland,bgritlandqk@cpanel.net,Male,820-95-7142
958,Beth,Cominello,bcominelloql@ezinearticles.com,Female,408-14-5832
959,Missy,Ledgley,mledgleyqm@youtube.com,Female,492-44-5289
960,Burl,De Benedictis,bdebenedictisqn@people.com.cn,Male,145-33-2432
961,Giselbert,Doppler,,Male,569-72-7825
962,Deva,Silliman,dsillimanqp@reddit.com,Female,418-19-4184
963,Garrott,Catley,gcatleyqq@wikipedia.org,Male,782-37-3979
964,Irwinn,Tenniswood,itenniswoodqr@yahoo.com,Male,185-32-6781
965,Burtie,Farley,bfarleyqs@trellian.com,Male,130-68-9181
966,Inglis,Bezzant,ibezzantqt@canalblog.com,Male,589-76-2439
967,Nicolai,Binnall,nbinnallqu@mapquest.com,Polygender,417-24-6021
968,Bordie,Dyke,bdykeqv@sciencedirect.com,Male,467-02-9032
969,Gibby,Riedel,griedelqw@army.mil,Male,329-81-1008
970,Berty,Howard,,Female,390-39-7057
971,Rafi,Edworthy,redworthyqy@noaa.gov,Male,175-01-8675
972,Herminia,Soans,,Female,720-59-4144
973,Stanleigh,Manby,smanbyr0@csmonitor.com,Male,775-67-8191
974,Beniamino,Macveigh,,Male,775-20-8931
975,Romy,Gehrtz,rgehrtzr2@imdb.com,Female,377-80-4975
976,Timmi,MacLoughlin,tmacloughlinr3@uiuc.edu,Female,880-42-7635
977,Dagmar,Weyman,dweymanr4@timesonline.co.uk,Female,480-86-9429
978,Jerrold,Stoggles,,Male,884-91-6470
979,Lara,Eilers,leilersr6@google.com,Female,360-56-0699
980,Ursula,,uyellr7@opera.com,Genderfluid,437-04-7836
981,Magdalena,O'Dowd,modowdr8@bravesites.com,Female,243-36-4276
982,Eb,Ausiello,,Genderqueer,679-99-4931
983,Kory,,kwestphalenra@godaddy.com,Male,290-50-3059
984,Marcella,Skelhorne,mskelhornerb@usda.gov,Female,776-64-9926
985,Cosetta,Foyston,cfoystonrc@prlog.org,Female,
986,Lion,Duckwith,lduckwithrd@altervista.org,Male,788-54-1453
987,Cirillo,Tilly,ctillyre@ovh.net,Male,801-44-7445
988,Lowe,Sprull,lsprullrf@purevolume.com,Male,516-84-0350
989,Felike,Attwoull,fattwoullrg@istockphoto.com,Agender,501-72-1648
990,Paige,Antat,,Male,140-17-8123
991,Edie,Durtnall,,Non-binary,895-76-1407
992,Karlene,,kfeldsternrj@marriott.com,Female,352-01-1949
993,Micki,Bram,mbramrk@wikia.com,Female,316-02-5949
994,Dulcea,Ritchman,dritchmanrl@oakley.com,Female,461-21-6491
995,Bram,Iacovazzi,biacovazzirm@washingtonpost.com,Male,489-32-1125
996,Marla,,mkemptonrn@oracle.com,Female,202-10-1093
997,Charity,Wheater,cwheaterro@cargocollective.com,Female,243-53-7393
998,Quent,Vile,qvilerp@canalblog.com,Male,406-34-8952
999,Petrina,,phardawayrq@hubpages.com,Female,811-11-2174
1000,Marcelia,Sturte,msturterr@yahoo.co.jp,Female,424-76-1876
